Country,ISO_Code,Year,GDP_per_capita,Life_expectancy,Population,Urban_population_percent,Employment_rate,School_enrollment_primary,School_enrollment_secondary,Literacy_rate
Algeria,DZA,2015,1376.74,58.7,130910502,64.2,81.2,88.8,55.6,64.0
Algeria,DZA,2016,9411.4,81.3,168885705,48.1,64.6,97.8,55.8,89.8
Algeria,DZA,2017,16605.26,69.6,208482627,70.3,70.7,99.2,52.8,86.9
Algeria,DZA,2018,16222.96,76.6,159561830,74.9,50.7,90.2,69.1,44.8
Algeria,DZA,2019,22333.5,75.9,194189576,73.4,59.7,99.8,66.7,79.4
Algeria,DZA,2020,10879.07,86.0,185058025,49.9,51.0,99.0,96.3,98.1
Algeria,DZA,2021,6038.86,65.9,146856786,53.2,76.9,102.6,101.5,104.0
Algeria,DZA,2022,20272.67,61.9,64264198,60.7,78.9,102.9,78.9,91.8
Algeria,DZA,2023,8119.43,60.1,91641257,81.9,52.9,89.0,82.8,63.6
Algeria,DZA,2024,7807.0,64.0,52366664,25.5,61.5,100.1,80.0,79.8
Angola,AGO,2015,14542.69,54.4,28619394,27.3,55.8,78.0,88.0,68.1
Angola,AGO,2016,10615.91,79.9,135161080,59.9,57.6,78.1,79.3,57.6
Angola,AGO,2017,7842.88,53.8,132855618,75.1,53.2,77.7,42.4,69.6
Angola,AGO,2018,9448.82,57.0,91082360,89.0,84.7,63.1,67.7,79.3
Angola,AGO,2019,12901.99,55.8,24734983,92.1,45.2,96.5,74.6,58.8
Angola,AGO,2020,1499.82,70.6,63669046,69.8,39.7,95.8,46.0,80.6
Angola,AGO,2021,1584.29,63.1,69322995,49.3,66.5,81.5,48.3,96.6
Angola,AGO,2022,13277.03,67.6,197984031,24.5,51.1,65.2,68.8,91.9
Angola,AGO,2023,8151.53,62.6,50516890,79.2,64.3,101.7,73.2,87.6
Angola,AGO,2024,6625.54,81.1,46819325,88.7,66.6,80.2,83.5,39.4
Benin,BEN,2015,11608.41,75.2,53928438,80.8,43.3,65.5,44.4,42.1
Benin,BEN,2016,1729.85,57.5,6783814,87.2,61.7,88.2,55.0,77.2
Benin,BEN,2017,1660.94,82.6,98228672,35.6,64.9,93.5,46.2,50.8
Benin,BEN,2018,9402.04,57.7,92225648,77.7,83.8,75.0,88.9,80.7
Benin,BEN,2019,14617.79,61.3,72688947,74.5,69.8,75.3,79.5,35.4
Benin,BEN,2020,14107.0,55.8,170563096,79.5,67.5,82.5,63.1,92.8
Benin,BEN,2021,1398.83,78.9,60674974,89.4,80.7,93.6,76.9,32.4
Benin,BEN,2022,3937.44,55.8,68332057,85.0,63.7,63.9,69.3,32.1
Benin,BEN,2023,7201.91,73.5,107984457,43.1,50.0,92.8,81.3,96.0
Benin,BEN,2024,6475.8,59.1,98543716,30.4,79.0,74.4,59.8,43.9
Botswana,BWA,2015,9912.58,56.2,2401861,33.6,75.3,88.3,73.2,83.0
Botswana,BWA,2016,8453.77,83.5,28068896,34.8,78.3,67.1,53.1,93.9
Botswana,BWA,2017,7453.36,81.5,86991008,41.2,67.5,91.8,52.0,90.0
Botswana,BWA,2018,11032.01,54.7,96321658,90.7,57.2,84.6,68.6,39.1
Botswana,BWA,2019,5737.92,72.5,42658234,73.2,69.7,95.2,74.7,31.3
Botswana,BWA,2020,4607.51,53.8,16921728,82.0,81.7,69.7,56.2,83.6
Botswana,BWA,2021,2259.89,85.6,195481728,91.6,80.5,69.5,67.2,38.6
Botswana,BWA,2022,14437.94,75.9,166362675,24.3,54.9,84.6,48.9,55.2
Botswana,BWA,2023,8960.6,79.9,143318151,57.8,67.0,92.7,71.3,56.3
Botswana,BWA,2024,15517.9,68.0,79392775,23.9,86.4,64.8,69.7,45.8
Burkina Faso,BFA,2015,5477.58,54.5,17867776,79.8,59.8,76.0,66.0,59.8
Burkina Faso,BFA,2016,11060.27,66.1,13193151,45.8,85.6,71.6,80.5,34.5
Burkina Faso,BFA,2017,4715.71,71.7,92308869,29.9,45.0,85.3,79.5,53.5
Burkina Faso,BFA,2018,4102.97,64.1,51137828,63.3,66.5,71.3,85.4,65.4
Burkina Faso,BFA,2019,14164.21,64.1,23532208,53.5,57.5,82.4,66.5,97.8
Burkina Faso,BFA,2020,3009.33,80.3,53012528,96.3,54.9,101.9,59.1,43.6
Burkina Faso,BFA,2021,10694.53,77.9,83564698,41.0,48.2,84.3,72.4,91.9
Burkina Faso,BFA,2022,9650.26,57.5,68208823,48.4,70.6,85.3,77.2,80.4
Burkina Faso,BFA,2023,16180.95,65.4,172352903,84.6,83.3,80.3,66.5,65.5
Burkina Faso,BFA,2024,7345.84,78.1,89098308,48.0,42.8,71.4,49.2,89.9
Burundi,BDI,2015,4924.87,62.0,120772644,85.9,53.8,69.3,41.2,57.4
Burundi,BDI,2016,7865.16,70.7,133525824,41.7,75.4,68.4,83.5,63.3
Burundi,BDI,2017,7688.22,58.8,148239353,92.6,78.0,74.7,46.3,92.6
Burundi,BDI,2018,11620.99,69.2,64071774,71.1,66.0,79.1,81.8,94.2
Burundi,BDI,2019,15816.37,80.3,183910809,29.4,63.7,97.8,51.1,40.8
Burundi,BDI,2020,7484.98,51.2,142737035,73.7,71.3,79.0,69.0,76.2
Burundi,BDI,2021,9338.91,83.2,29129458,37.4,57.6,96.7,52.9,76.6
Burundi,BDI,2022,1725.85,78.9,53029104,89.3,72.6,89.9,62.7,34.2
Burundi,BDI,2023,10243.13,74.1,149375413,31.7,59.1,76.1,51.7,82.0
Burundi,BDI,2024,7378.43,83.7,18291980,29.6,80.8,89.4,71.7,81.7
Cameroon,CMR,2015,8694.73,53.8,66966874,59.0,55.2,85.6,47.2,67.1
Cameroon,CMR,2016,14142.79,60.5,123186756,36.6,66.3,94.9,78.4,56.6
Cameroon,CMR,2017,14338.41,64.2,93104405,30.2,77.8,73.5,85.5,64.8
Cameroon,CMR,2018,2647.18,68.0,22402484,39.5,82.2,92.0,56.5,57.0
Cameroon,CMR,2019,14360.39,64.2,74373559,91.1,51.5,94.0,58.5,39.7
Cameroon,CMR,2020,7601.08,55.5,90679939,22.0,84.0,66.3,64.6,36.0
Cameroon,CMR,2021,6509.1,58.8,84437696,80.1,62.2,92.3,78.4,94.8
Cameroon,CMR,2022,7790.15,63.0,37114180,65.1,49.6,76.1,70.0,35.7
Cameroon,CMR,2023,14845.43,76.1,102450421,80.2,65.1,87.1,56.4,56.8
Cameroon,CMR,2024,12007.06,57.9,75006106,81.4,43.1,92.3,66.9,40.3
Cape Verde,CPV,2015,13753.23,69.3,148694884,71.3,78.5,70.8,52.6,77.0
Cape Verde,CPV,2016,14090.02,63.2,131451465,87.7,46.4,64.0,81.4,71.8
Cape Verde,CPV,2017,7103.41,57.9,199339624,26.2,50.8,90.1,65.4,70.7
Cape Verde,CPV,2018,1329.63,53.8,167694079,50.2,57.6,97.4,59.2,89.5
Cape Verde,CPV,2019,10929.68,74.5,123654210,44.3,54.8,75.5,64.5,65.2
Cape Verde,CPV,2020,853.71,62.9,121727857,75.3,66.5,100.0,77.4,50.7
Cape Verde,CPV,2021,1801.94,81.2,92154142,28.2,76.2,98.5,48.4,95.1
Cape Verde,CPV,2022,4698.38,63.6,28778681,37.2,60.1,70.6,65.6,99.0
Cape Verde,CPV,2023,1361.05,78.1,165900553,71.1,49.5,81.5,61.4,34.3
Cape Verde,CPV,2024,15773.73,67.2,201367017,84.8,87.7,82.8,84.8,44.1
Central African Republic,CAF,2015,1841.01,43.8,105714301,35.0,69.4,59.1,47.1,58.9
Central African Republic,CAF,2016,858.04,65.0,170311286,63.6,71.0,47.9,46.6,38.1
Central African Republic,CAF,2017,710.2,47.0,126731178,88.0,64.6,47.1,29.7,56.4
Central African Republic,CAF,2018,3811.03,62.8,13730954,48.4,85.9,63.8,32.6,42.4
Central African Republic,CAF,2019,4721.66,66.3,37751826,27.0,58.0,59.9,56.6,54.9
Central African Republic,CAF,2020,4920.75,53.3,1733731,76.4,78.0,65.0,47.9,52.7
Central African Republic,CAF,2021,4610.96,65.6,30297882,63.1,59.4,50.0,62.4,37.0
Central African Republic,CAF,2022,288.03,45.8,127190995,54.1,80.8,58.6,42.7,57.0
Central African Republic,CAF,2023,2177.99,59.1,160666165,76.1,60.9,47.6,38.4,59.1
Central African Republic,CAF,2024,4216.71,63.8,86280387,88.6,88.4,67.2,33.7,43.3
Chad,TCD,2015,1278.88,61.2,99837988,48.4,47.1,51.2,45.9,37.1
Chad,TCD,2016,1247.45,49.5,128611113,71.3,41.3,58.1,53.8,50.7
Chad,TCD,2017,2810.43,57.0,72453184,28.5,81.9,62.0,41.2,51.1
Chad,TCD,2018,1468.17,65.3,28033519,29.0,51.5,58.5,56.5,44.0
Chad,TCD,2019,2412.68,63.7,128512918,22.2,69.7,64.1,62.3,55.0
Chad,TCD,2020,1627.54,58.7,51172465,50.6,64.1,67.3,55.5,62.5
Chad,TCD,2021,2383.22,47.6,152470603,91.7,65.2,50.4,41.9,64.4
Chad,TCD,2022,3478.56,54.9,69396767,42.4,66.7,64.1,33.3,58.9
Chad,TCD,2023,4852.75,57.6,58329295,31.1,83.4,60.6,34.5,23.7
Chad,TCD,2024,235.06,64.6,18920857,27.1,58.6,62.9,43.8,31.5
Comoros,COM,2015,10632.31,62.8,76990676,24.9,57.2,81.2,62.3,49.6
Comoros,COM,2016,10562.12,81.2,188814853,88.8,53.9,82.8,65.7,82.5
Comoros,COM,2017,5006.94,49.0,98023846,34.1,81.7,62.2,47.6,58.4
Comoros,COM,2018,5288.41,75.7,25757180,55.5,52.1,82.6,63.1,43.5
Comoros,COM,2019,5106.9,67.5,36347549,28.8,83.8,88.5,80.8,60.4
Comoros,COM,2020,956.03,76.2,92349990,62.6,71.1,71.1,75.5,29.5
Comoros,COM,2021,17469.41,61.0,21098308,49.4,55.7,68.7,84.1,38.3
Comoros,COM,2022,7318.77,76.1,81217083,57.1,81.8,89.0,93.2,42.5
Comoros,COM,2023,14907.47,56.3,15995799,73.0,44.9,69.5,94.1,87.9
Comoros,COM,2024,4598.04,61.9,95945805,95.6,58.8,103.7,58.5,54.7
Congo,COG,2015,10023.77,71.4,164317015,76.5,61.4,67.9,40.0,94.1
Congo,COG,2016,10229.04,68.1,199181284,61.2,40.1,74.3,49.4,93.1
Congo,COG,2017,614.61,71.3,109640873,29.3,40.3,69.1,74.0,43.2
Congo,COG,2018,14275.87,62.7,67914407,24.4,55.1,80.1,54.8,48.9
Congo,COG,2019,4313.33,76.9,24249115,20.8,58.7,79.7,77.4,67.5
Congo,COG,2020,5351.03,73.2,78573929,59.7,50.9,76.9,83.7,78.6
Congo,COG,2021,10549.19,75.6,35037784,76.4,71.1,99.6,53.8,51.1
Congo,COG,2022,2707.83,55.6,195028803,23.2,70.2,69.0,68.9,57.8
Congo,COG,2023,13330.81,84.0,205186910,81.4,62.6,87.7,57.0,45.6
Congo,COG,2024,11712.63,77.0,85531292,35.9,84.8,83.8,91.3,89.1
Côte d'Ivoire,CIV,2015,9669.96,69.9,85126733,23.8,73.6,65.4,82.2,31.6
Côte d'Ivoire,CIV,2016,6628.38,61.9,89356714,26.4,72.0,93.4,51.3,97.2
Côte d'Ivoire,CIV,2017,1547.25,65.6,170898206,72.8,41.8,87.4,50.1,40.1
Côte d'Ivoire,CIV,2018,7612.65,77.0,32986529,51.5,54.2,85.0,83.6,45.7
Côte d'Ivoire,CIV,2019,3212.84,69.7,34839192,36.1,52.9,96.9,88.4,34.3
Côte d'Ivoire,CIV,2020,5909.59,72.4,184325474,84.5,45.0,90.2,92.2,65.8
Côte d'Ivoire,CIV,2021,9138.03,69.8,7483141,89.6,70.4,91.1,86.9,62.9
Côte d'Ivoire,CIV,2022,4796.62,79.1,209236399,77.2,81.0,63.7,70.6,46.9
Côte d'Ivoire,CIV,2023,6753.06,54.2,22879310,34.4,46.1,86.4,92.2,52.5
Côte d'Ivoire,CIV,2024,13806.05,57.4,41445916,73.3,91.3,67.6,97.6,99.3
Democratic Republic of the Congo,COD,2015,12545.86,70.5,170371622,40.3,63.6,96.8,72.4,74.4
Democratic Republic of the Congo,COD,2016,2846.76,52.0,101286656,24.3,68.0,93.7,72.6,65.0
Democratic Republic of the Congo,COD,2017,5203.42,57.8,1054031,36.5,74.6,83.8,59.7,41.8
Democratic Republic of the Congo,COD,2018,10016.63,80.7,110190830,64.7,67.3,96.9,43.9,77.5
Democratic Republic of the Congo,COD,2019,16137.66,64.8,64858701,88.7,76.8,91.9,83.1,86.4
Democratic Republic of the Congo,COD,2020,3057.58,83.8,94988541,53.9,62.5,66.8,72.0,76.1
Democratic Republic of the Congo,COD,2021,6809.55,66.1,69681274,59.7,70.6,98.6,47.7,54.4
Democratic Republic of the Congo,COD,2022,7691.06,69.2,43710921,73.2,49.9,69.4,63.2,73.2
Democratic Republic of the Congo,COD,2023,14218.07,70.8,105429117,39.5,80.7,82.7,73.1,56.4
Democratic Republic of the Congo,COD,2024,12777.49,58.3,111420364,97.4,60.1,91.4,46.2,68.1
Djibouti,DJI,2015,10007.47,70.5,155913903,77.8,63.0,71.6,42.5,90.5
Djibouti,DJI,2016,8663.51,72.9,136107507,53.9,87.7,90.9,42.7,85.6
Djibouti,DJI,2017,14853.15,64.6,188674102,53.3,40.4,91.5,56.9,84.9
Djibouti,DJI,2018,4861.91,58.6,12297431,26.6,65.6,70.3,78.1,52.3
Djibouti,DJI,2019,3028.0,70.3,18468423,50.9,75.7,89.3,94.2,64.9
Djibouti,DJI,2020,4703.09,77.7,18553335,55.0,69.9,84.9,51.0,56.1
Djibouti,DJI,2021,5290.86,71.4,152596870,41.6,87.7,82.9,54.1,83.6
Djibouti,DJI,2022,11847.82,68.0,77291005,21.6,54.3,84.4,92.0,46.6
Djibouti,DJI,2023,5112.69,78.7,8762653,25.0,47.8,63.8,90.9,70.8
Djibouti,DJI,2024,3840.61,87.1,160848805,39.0,64.3,81.1,57.2,63.1
Egypt,EGY,2015,14595.99,80.7,171455382,72.5,49.2,83.3,99.6,104.4
Egypt,EGY,2016,3085.37,80.1,85045272,50.3,73.2,81.4,83.9,96.0
Egypt,EGY,2017,5796.16,73.3,3830386,59.3,40.7,102.3,95.9,94.9
Egypt,EGY,2018,22451.51,69.3,170138726,71.4,55.9,86.5,80.4,81.8
Egypt,EGY,2019,5214.57,69.0,182103933,92.4,61.9,98.5,84.5,78.1
Egypt,EGY,2020,24306.64,78.2,81145781,23.6,52.0,101.2,77.3,88.5
Egypt,EGY,2021,15183.97,84.8,10208583,65.1,75.4,97.3,97.7,56.2
Egypt,EGY,2022,11288.43,58.9,9389678,25.0,86.4,97.2,95.4,94.4
Egypt,EGY,2023,19583.52,64.8,166658640,60.5,52.2,104.7,59.7,40.7
Egypt,EGY,2024,15392.96,74.8,38183471,27.5,54.1,100.0,88.2,64.9
Equatorial Guinea,GNQ,2015,7795.21,60.8,147096002,37.3,74.2,75.6,68.1,46.1
Equatorial Guinea,GNQ,2016,15330.08,72.0,33054913,22.1,85.9,74.8,54.9,58.6
Equatorial Guinea,GNQ,2017,6798.81,64.8,132057702,65.2,66.2,71.7,83.8,69.3
Equatorial Guinea,GNQ,2018,3882.17,71.9,21205136,41.7,60.8,98.7,89.9,91.2
Equatorial Guinea,GNQ,2019,3917.61,67.8,73573871,40.2,53.1,81.2,84.4,60.1
Equatorial Guinea,GNQ,2020,5483.82,79.9,203591272,47.5,75.9,91.5,65.6,56.3
Equatorial Guinea,GNQ,2021,8284.2,58.2,34746920,26.0,79.0,82.2,56.4,65.8
Equatorial Guinea,GNQ,2022,3811.73,75.0,50026904,72.9,65.4,96.0,91.8,95.6
Equatorial Guinea,GNQ,2023,5640.17,76.6,141099377,78.6,64.0,90.6,94.7,60.5
Equatorial Guinea,GNQ,2024,3314.67,59.6,36409704,55.6,71.1,75.0,73.0,44.7
Eritrea,ERI,2015,12682.59,51.5,200655907,58.6,78.3,82.4,45.7,51.0
Eritrea,ERI,2016,7237.12,57.2,49358027,68.5,44.1,87.2,59.5,59.4
Eritrea,ERI,2017,5877.7,49.8,3917589,40.9,66.3,93.4,60.8,93.8
Eritrea,ERI,2018,4331.68,64.0,193448393,70.4,46.3,67.3,87.2,60.7
Eritrea,ERI,2019,6669.47,67.0,166001395,82.6,43.6,68.8,71.3,76.3
Eritrea,ERI,2020,13841.84,72.1,35645433,65.6,75.1,98.3,55.8,73.5
Eritrea,ERI,2021,10909.36,71.1,40827851,63.8,55.2,76.2,77.6,40.8
Eritrea,ERI,2022,14690.59,81.7,26479773,94.6,71.6,99.0,87.6,55.7
Eritrea,ERI,2023,3935.37,63.5,194565056,86.9,53.5,97.0,76.1,70.6
Eritrea,ERI,2024,2679.58,70.2,1462368,58.7,68.8,103.0,74.2,45.7
Ethiopia,ETH,2015,10982.93,57.9,198277540,79.9,82.8,72.1,44.4,31.3
Ethiopia,ETH,2016,15619.22,64.1,118283756,25.4,77.2,66.8,67.8,47.4
Ethiopia,ETH,2017,11267.24,61.0,5646469,77.2,66.4,58.9,55.3,56.7
Ethiopia,ETH,2018,9172.8,78.0,78103110,79.4,61.8,95.0,58.9,44.9
Ethiopia,ETH,2019,11089.22,64.1,66173530,68.9,49.1,78.2,86.7,65.7
Ethiopia,ETH,2020,3302.39,54.5,160057497,32.9,45.0,73.6,58.8,79.8
Ethiopia,ETH,2021,805.91,55.4,137888637,54.0,53.5,93.0,44.0,84.5
Ethiopia,ETH,2022,4163.39,62.6,93563080,26.9,73.1,84.0,48.1,95.1
Ethiopia,ETH,2023,7422.42,73.8,42145927,79.7,60.8,77.9,78.7,81.9
Ethiopia,ETH,2024,15774.12,80.8,122277092,80.0,71.3,68.3,54.8,83.3
Gabon,GAB,2015,3384.44,60.1,109549482,53.5,81.1,80.7,63.4,94.4
Gabon,GAB,2016,10169.26,54.4,78065668,82.2,55.1,84.1,54.7,97.2
Gabon,GAB,2017,12298.21,78.3,87743439,76.7,55.9,80.1,44.8,32.4
Gabon,GAB,2018,13546.36,65.3,179379466,23.6,85.1,90.7,43.7,45.3
Gabon,GAB,2019,14800.0,61.1,53198487,72.3,81.9,76.4,89.2,91.6
Gabon,GAB,2020,11385.19,54.9,155335062,91.8,54.4,80.6,88.4,43.6
Gabon,GAB,2021,2530.13,69.6,96236506,25.6,62.9,63.1,67.0,35.2
Gabon,GAB,2022,11261.7,71.3,133512261,85.8,76.4,98.3,67.8,48.2
Gabon,GAB,2023,6775.51,68.2,52587010,74.7,42.6,89.4,92.8,63.9
Gabon,GAB,2024,10448.85,75.2,24182662,76.0,67.5,84.2,82.2,84.0
Gambia,GMB,2015,8228.82,57.1,43704935,46.9,77.8,72.1,57.6,47.6
Gambia,GMB,2016,2069.58,79.4,134228311,74.4,58.9,91.2,58.2,31.5
Gambia,GMB,2017,1296.9,59.7,77950475,22.5,75.5,68.6,71.4,47.1
Gambia,GMB,2018,6481.18,65.3,184428719,50.8,82.2,101.2,77.3,56.3
Gambia,GMB,2019,6322.39,59.8,34237321,56.3,80.0,73.1,44.3,54.7
Gambia,GMB,2020,9433.1,82.8,1090713,53.8,65.4,80.9,45.5,72.8
Gambia,GMB,2021,15455.45,54.5,144069447,37.7,45.6,97.9,96.3,96.6
Gambia,GMB,2022,3055.83,70.8,108691999,56.6,69.5,81.4,94.0,57.1
Gambia,GMB,2023,15878.31,59.7,122076549,72.8,82.5,93.2,89.6,46.9
Gambia,GMB,2024,15703.38,71.5,6211851,66.6,75.0,87.8,45.0,38.8
Ghana,GHA,2015,7950.2,47.9,117696162,69.5,62.0,87.7,52.8,33.7
Ghana,GHA,2016,6685.02,55.8,23124455,31.7,73.3,79.6,46.2,69.8
Ghana,GHA,2017,6155.1,53.7,153474685,93.7,82.7,87.9,73.0,83.9
Ghana,GHA,2018,15079.96,56.3,169339062,40.1,41.8,92.8,47.5,72.0
Ghana,GHA,2019,9488.87,66.4,191727434,20.2,46.3,65.9,58.1,58.5
Ghana,GHA,2020,14309.85,68.0,8919647,87.6,55.7,76.3,79.5,86.2
Ghana,GHA,2021,6638.19,76.5,54418572,55.2,63.6,63.5,90.1,35.2
Ghana,GHA,2022,1419.39,68.6,11259528,22.3,49.9,69.9,84.5,54.6
Ghana,GHA,2023,11129.73,80.9,126560686,79.3,41.8,87.6,95.2,66.4
Ghana,GHA,2024,2658.54,61.6,134582345,76.1,78.6,74.6,62.5,34.8
Guinea,GIN,2015,13439.92,71.2,145202433,57.7,66.2,79.6,69.5,50.1
Guinea,GIN,2016,6851.83,57.8,79441466,84.7,56.7,69.1,49.5,82.6
Guinea,GIN,2017,15681.35,69.7,145799761,86.1,88.5,86.9,60.8,32.4
Guinea,GIN,2018,6224.39,79.7,2652328,28.5,57.4,76.6,87.9,72.0
Guinea,GIN,2019,3534.37,66.1,28680685,25.9,42.4,94.7,68.3,71.6
Guinea,GIN,2020,11217.45,61.1,22074178,32.7,77.9,77.4,84.0,32.6
Guinea,GIN,2021,9782.93,85.0,23639010,27.6,71.1,74.9,47.2,79.6
Guinea,GIN,2022,8102.25,56.4,155378164,43.4,69.5,68.1,62.8,80.6
Guinea,GIN,2023,10019.19,62.8,174723148,87.2,77.6,87.4,65.3,84.6
Guinea,GIN,2024,7455.73,75.5,55074011,56.4,81.7,76.6,53.1,39.3
Guinea-Bissau,GNB,2015,10976.86,54.0,182222352,71.2,61.3,93.8,82.9,92.6
Guinea-Bissau,GNB,2016,12773.3,73.2,13628523,68.7,73.0,83.6,56.3,72.5
Guinea-Bissau,GNB,2017,9171.91,64.9,72526096,27.1,58.6,91.6,87.3,50.0
Guinea-Bissau,GNB,2018,4978.41,81.7,99910155,44.2,43.2,73.4,42.7,75.8
Guinea-Bissau,GNB,2019,5557.55,79.9,138239992,67.2,74.4,72.1,53.2,88.0
Guinea-Bissau,GNB,2020,10751.28,60.6,91010876,36.0,64.5,86.5,79.0,58.3
Guinea-Bissau,GNB,2021,8055.81,63.7,37236677,88.5,76.0,83.1,90.4,69.5
Guinea-Bissau,GNB,2022,12095.86,72.4,24353491,62.6,86.9,81.2,48.1,41.9
Guinea-Bissau,GNB,2023,1799.54,81.7,71236884,91.7,80.3,77.4,95.3,88.6
Guinea-Bissau,GNB,2024,6043.22,74.7,198003904,71.8,61.2,85.4,59.5,46.1
Kenya,KEN,2015,12792.98,74.6,172306559,52.7,67.2,70.3,47.9,54.1
Kenya,KEN,2016,727.81,59.7,131380599,84.6,70.7,76.2,57.4,49.2
Kenya,KEN,2017,9663.64,71.6,191386994,78.1,47.4,81.5,44.9,70.6
Kenya,KEN,2018,4911.16,67.9,4125396,27.0,68.4,77.4,82.5,77.3
Kenya,KEN,2019,3761.7,77.4,21215072,40.4,81.7,82.0,57.3,52.0
Kenya,KEN,2020,15050.91,79.6,158673689,54.3,73.0,66.6,80.3,63.0
Kenya,KEN,2021,6337.81,63.0,12939406,43.7,44.5,79.3,87.2,91.0
Kenya,KEN,2022,14674.52,66.4,127783024,45.3,51.1,74.8,53.8,31.8
Kenya,KEN,2023,11037.19,79.5,17695632,25.5,62.3,81.2,72.6,65.7
Kenya,KEN,2024,8696.64,71.9,76573883,26.9,64.2,77.2,87.8,51.2
Lesotho,LSO,2015,4964.27,68.4,79510373,85.4,44.3,66.7,77.0,44.7
Lesotho,LSO,2016,9836.62,57.7,57095150,30.6,63.4,68.3,81.7,84.5
Lesotho,LSO,2017,2384.9,74.4,120784725,52.1,42.4,84.3,84.2,78.9
Lesotho,LSO,2018,12056.37,54.8,101504521,81.0,78.1,92.1,57.5,80.3
Lesotho,LSO,2019,12040.97,65.6,45698736,61.8,83.2,82.5,65.1,44.4
Lesotho,LSO,2020,17258.77,76.5,145181318,51.1,48.6,89.8,61.1,32.1
Lesotho,LSO,2021,15933.29,64.9,12714501,80.3,85.6,83.7,51.7,86.2
Lesotho,LSO,2022,2103.89,68.5,35554417,54.7,71.7,91.3,70.1,74.4
Lesotho,LSO,2023,10240.2,74.9,131180743,43.7,62.9,82.2,66.4,35.7
Lesotho,LSO,2024,8665.59,71.6,188256467,70.5,74.0,77.6,46.7,80.2
Liberia,LBR,2015,6538.8,53.3,9077331,65.1,47.7,64.3,62.9,80.8
Liberia,LBR,2016,2772.33,73.0,111912371,45.6,44.8,61.5,52.1,52.4
Liberia,LBR,2017,10128.2,55.0,101632678,78.4,54.8,91.6,89.6,34.7
Liberia,LBR,2018,15078.62,52.8,55290837,57.9,83.3,90.7,86.9,74.7
Liberia,LBR,2019,9214.32,78.2,40489003,36.2,40.1,69.7,63.6,88.5
Liberia,LBR,2020,4856.53,67.9,121792452,89.7,44.6,96.1,68.8,66.9
Liberia,LBR,2021,5834.06,79.6,57080624,22.1,54.7,71.8,50.7,49.9
Liberia,LBR,2022,13406.75,82.0,156734076,66.5,60.4,85.8,51.9,96.3
Liberia,LBR,2023,4893.11,56.4,84046036,26.7,73.2,95.2,77.0,91.4
Liberia,LBR,2024,3210.97,78.1,79403514,48.2,55.3,92.5,45.3,59.8
Libya,LBY,2015,14343.58,78.3,5301682,54.0,85.0,97.9,67.9,91.4
Libya,LBY,2016,11752.1,82.4,80529078,85.8,44.8,77.5,68.5,35.1
Libya,LBY,2017,15991.8,73.8,73293753,53.5,57.5,74.2,89.9,41.0
Libya,LBY,2018,16669.79,71.4,191698826,50.2,57.7,88.1,72.2,52.7
Libya,LBY,2019,22423.73,87.6,44854181,82.5,47.0,102.5,59.1,99.5
Libya,LBY,2020,9418.16,68.7,121466759,56.3,45.8,91.8,77.1,83.7
Libya,LBY,2021,3634.95,77.9,30847043,59.8,89.1,90.6,98.9,41.6
Libya,LBY,2022,4362.14,76.7,131638348,79.5,54.5,102.6,65.1,91.1
Libya,LBY,2023,20209.3,72.6,198346700,23.6,76.6,94.4,97.0,43.5
Libya,LBY,2024,8571.27,69.8,89318674,52.1,73.7,83.1,97.8,97.1
Madagascar,MDG,2015,7968.37,74.7,37125809,83.7,59.9,82.1,79.8,74.1
Madagascar,MDG,2016,12852.04,65.0,8037805,44.3,52.1,87.6,50.3,77.0
Madagascar,MDG,2017,6597.43,78.3,26007097,88.0,56.4,68.1,44.4,64.1
Madagascar,MDG,2018,15126.96,59.3,20681320,27.7,45.2,71.4,86.7,75.7
Madagascar,MDG,2019,4518.51,64.8,36282735,64.3,73.1,88.2,89.6,71.0
Madagascar,MDG,2020,3492.07,69.5,40029294,29.8,78.6,87.3,45.7,38.2
Madagascar,MDG,2021,6582.18,78.7,143421088,44.0,53.9,65.2,73.6,31.3
Madagascar,MDG,2022,3455.54,63.1,49194012,32.7,61.6,73.8,57.4,96.8
Madagascar,MDG,2023,1364.77,82.4,197449793,34.7,82.1,96.5,95.1,40.6
Madagascar,MDG,2024,16932.65,58.5,101554898,38.2,75.0,92.3,61.1,89.5
Malawi,MWI,2015,6015.91,75.4,147480418,55.6,71.0,88.9,68.2,96.7
Malawi,MWI,2016,3779.08,66.9,116281341,55.5,72.0,71.6,54.6,63.4
Malawi,MWI,2017,14387.82,53.3,84074111,66.1,41.6,68.8,44.5,87.5
Malawi,MWI,2018,13378.44,62.3,4466350,30.3,38.9,84.1,61.7,38.9
Malawi,MWI,2019,11534.75,61.9,114351653,49.3,53.4,93.5,54.9,41.1
Malawi,MWI,2020,7906.94,55.4,184654499,30.9,42.0,81.1,66.9,69.2
Malawi,MWI,2021,989.94,74.3,12276684,37.2,72.9,69.3,79.4,84.1
Malawi,MWI,2022,1416.91,79.2,22901487,66.1,47.8,74.6,82.0,81.7
Malawi,MWI,2023,1858.53,64.0,182975186,58.3,42.1,72.9,76.8,66.1
Malawi,MWI,2024,5277.36,62.8,96592517,59.8,78.7,81.4,90.3,86.1
Mali,MLI,2015,912.05,81.2,22195746,44.9,42.4,68.4,56.1,43.0
Mali,MLI,2016,5655.54,75.4,6565517,81.7,88.0,85.3,67.4,59.0
Mali,MLI,2017,8121.93,75.8,93783567,57.6,81.4,81.4,59.2,85.4
Mali,MLI,2018,2973.66,83.1,36817955,33.3,48.7,62.6,77.8,43.5
Mali,MLI,2019,16219.29,53.0,197770311,57.2,55.0,60.2,88.2,74.7
Mali,MLI,2020,7645.09,57.9,57130511,53.4,53.1,96.9,52.0,58.6
Mali,MLI,2021,13915.16,59.4,43854730,62.0,80.0,93.9,94.0,75.6
Mali,MLI,2022,3516.3,70.6,119264323,40.0,56.5,69.2,94.6,89.5
Mali,MLI,2023,15481.07,67.4,27182936,62.3,72.0,78.1,93.4,92.1
Mali,MLI,2024,12042.01,79.9,126289644,26.2,76.3,79.1,62.1,51.3
Mauritania,MRT,2015,6688.52,68.7,152458068,88.0,59.1,65.7,64.9,74.0
Mauritania,MRT,2016,1913.63,71.9,192039725,82.9,69.7,67.7,66.0,81.2
Mauritania,MRT,2017,3120.25,67.1,37985096,21.2,70.5,78.3,60.1,79.3
Mauritania,MRT,2018,13814.62,81.2,114539853,65.4,46.8,95.4,64.3,70.9
Mauritania,MRT,2019,3429.27,65.9,7192307,84.3,83.9,72.2,73.5,41.8
Mauritania,MRT,2020,8830.07,80.4,16549648,61.8,80.9,101.8,44.9,78.0
Mauritania,MRT,2021,5357.54,62.7,86968416,29.8,50.0,76.5,79.6,62.1
Mauritania,MRT,2022,2291.22,56.7,108427229,58.1,43.5,64.5,65.1,55.7
Mauritania,MRT,2023,7887.62,74.6,88608622,42.2,56.9,95.5,53.7,63.5
Mauritania,MRT,2024,13783.03,59.3,200495140,85.0,54.9,89.1,58.9,65.5
Mauritius,MUS,2015,9305.96,78.0,127547248,66.7,39.3,70.8,53.2,47.9
Mauritius,MUS,2016,13264.73,70.6,88671835,63.0,84.0,96.3,82.2,62.8
Mauritius,MUS,2017,6940.81,56.0,105966134,23.9,75.2,62.2,45.2,42.6
Mauritius,MUS,2018,12450.08,69.0,94038855,45.2,75.6,92.3,78.4,57.0
Mauritius,MUS,2019,9812.2,52.5,117617455,55.7,77.2,97.8,86.8,65.2
Mauritius,MUS,2020,2898.33,62.0,141905568,45.9,42.4,94.2,67.3,36.0
Mauritius,MUS,2021,3148.71,81.9,112949789,66.1,59.9,97.3,80.7,77.7
Mauritius,MUS,2022,9445.56,70.6,177835680,64.4,79.7,80.8,85.6,76.2
Mauritius,MUS,2023,3719.06,71.0,5944587,70.9,74.3,100.1,84.7,86.0
Mauritius,MUS,2024,15948.61,79.3,127864049,68.0,75.9,66.9,43.7,46.9
Morocco,MAR,2015,23399.89,61.6,29429501,85.3,43.1,82.4,85.0,92.3
Morocco,MAR,2016,18285.76,78.6,71420509,30.5,53.3,98.4,53.5,104.5
Morocco,MAR,2017,16065.68,77.3,169428220,78.7,50.1,105.0,85.6,100.2
Morocco,MAR,2018,12064.98,72.7,42397183,89.5,43.4,88.1,101.2,40.4
Morocco,MAR,2019,5852.37,68.0,193458144,35.8,84.5,104.0,101.4,104.5
Morocco,MAR,2020,6503.22,84.3,69366292,28.9,51.7,80.3,99.6,95.5
Morocco,MAR,2021,1816.85,87.2,19365424,48.7,49.8,99.0,91.5,97.2
Morocco,MAR,2022,5873.92,81.3,2821021,57.6,49.7,104.8,70.1,104.2
Morocco,MAR,2023,15458.53,71.5,176300194,86.5,81.0,104.1,62.5,64.0
Morocco,MAR,2024,2482.24,64.1,165428201,45.8,77.2,104.0,101.3,84.1
Mozambique,MOZ,2015,504.73,56.0,154166640,69.3,78.6,71.5,62.2,44.6
Mozambique,MOZ,2016,8277.47,71.0,31787827,69.1,70.7,72.3,81.7,53.1
Mozambique,MOZ,2017,11167.73,78.2,40045804,68.4,88.0,80.2,83.3,64.8
Mozambique,MOZ,2018,4987.61,73.1,53440615,46.6,46.0,64.5,70.2,35.3
Mozambique,MOZ,2019,8368.74,75.1,11849877,60.7,46.9,93.3,58.2,58.8
Mozambique,MOZ,2020,4267.12,58.8,104820249,43.7,68.9,82.2,51.7,73.0
Mozambique,MOZ,2021,16014.93,53.3,13013240,56.4,50.4,75.5,62.5,37.0
Mozambique,MOZ,2022,10817.9,51.9,34176673,27.7,73.0,97.5,67.9,84.9
Mozambique,MOZ,2023,9530.83,60.2,25052233,98.4,79.3,68.9,56.2,94.8
Mozambique,MOZ,2024,10544.82,79.1,189165147,91.3,82.2,85.2,62.5,34.8
Namibia,NAM,2015,11688.68,67.6,139410892,39.8,72.8,84.2,41.8,59.2
Namibia,NAM,2016,13940.62,63.4,157131394,65.0,74.7,70.6,50.3,57.5
Namibia,NAM,2017,10564.39,57.7,21088372,21.1,66.9,77.4,47.4,92.8
Namibia,NAM,2018,15172.16,85.5,118533117,53.2,49.3,77.6,83.5,41.3
Namibia,NAM,2019,2186.19,74.7,11829287,40.9,62.8,89.7,51.4,47.4
Namibia,NAM,2020,8223.75,69.1,186163917,57.5,81.1,67.3,65.7,50.5
Namibia,NAM,2021,12671.95,60.8,171437837,21.8,51.9,84.7,54.2,67.0
Namibia,NAM,2022,11839.95,54.5,204122354,91.7,69.9,86.5,50.2,56.2
Namibia,NAM,2023,1457.92,79.6,100901742,40.2,55.0,81.6,63.0,94.7
Namibia,NAM,2024,8387.59,59.1,201199848,28.9,72.8,75.0,97.2,91.8
Niger,NER,2015,3885.78,63.4,177273465,61.3,54.3,44.1,50.2,43.4
Niger,NER,2016,311.44,52.2,75430492,82.5,57.7,62.3,50.8,52.2
Niger,NER,2017,2128.81,59.0,179485385,31.7,61.2,42.9,29.7,53.3
Niger,NER,2018,2386.97,65.5,171161990,64.6,50.5,56.0,50.8,27.9
Niger,NER,2019,339.19,64.6,37772280,80.6,62.7,65.9,54.5,42.8
Niger,NER,2020,1006.2,60.7,17796945,36.1,84.9,45.2,62.0,56.9
Niger,NER,2021,4473.34,44.0,91773430,82.2,69.2,56.7,38.2,47.9
Niger,NER,2022,2603.24,44.2,98459404,85.9,70.9,53.6,57.4,38.8
Niger,NER,2023,3962.17,60.6,11572655,90.3,49.9,72.6,51.4,44.8
Niger,NER,2024,4152.98,65.4,176414039,76.8,85.5,48.5,68.7,57.6
Nigeria,NGA,2015,1915.8,50.7,49321522,72.4,58.2,68.8,52.2,97.6
Nigeria,NGA,2016,12952.97,68.1,13731061,55.0,69.8,88.1,71.0,94.8
Nigeria,NGA,2017,8903.23,76.4,190678662,35.4,49.3,81.7,86.4,76.9
Nigeria,NGA,2018,14062.33,64.5,92680253,33.1,46.3,94.5,54.9,67.0
Nigeria,NGA,2019,1205.45,68.6,95802006,21.5,46.2,89.3,46.7,33.9
Nigeria,NGA,2020,15161.8,64.0,197241274,90.7,47.0,81.9,46.6,85.0
Nigeria,NGA,2021,8444.06,83.0,34464638,82.7,71.0,73.4,92.0,76.3
Nigeria,NGA,2022,10541.26,65.9,12733303,46.2,68.5,66.3,85.1,45.0
Nigeria,NGA,2023,5428.05,70.2,158130823,67.8,83.9,66.8,82.0,81.0
Nigeria,NGA,2024,11970.39,53.1,156907648,40.1,60.9,69.1,78.5,90.9
Rwanda,RWA,2015,13699.46,71.9,28789944,25.4,45.4,83.7,81.3,84.7
Rwanda,RWA,2016,14355.51,74.6,205523786,40.6,54.6,73.2,81.0,60.2
Rwanda,RWA,2017,12370.69,78.0,78545326,85.3,74.9,66.2,62.5,77.3
Rwanda,RWA,2018,8175.5,54.0,154788412,44.2,58.2,64.0,57.5,94.4
Rwanda,RWA,2019,3369.79,82.4,179341716,59.8,76.8,66.6,54.3,83.1
Rwanda,RWA,2020,2897.61,52.9,139591985,28.0,61.6,86.0,53.1,77.0
Rwanda,RWA,2021,15394.6,80.5,181003576,28.9,71.2,79.3,47.3,44.9
Rwanda,RWA,2022,16603.62,68.1,53360169,67.0,81.2,78.3,44.9,96.2
Rwanda,RWA,2023,14899.85,66.2,117521042,54.7,84.3,102.9,54.0,78.2
Rwanda,RWA,2024,14383.89,66.6,133062175,34.6,74.2,79.3,81.7,40.2
Senegal,SEN,2015,8582.76,61.0,131169567,75.0,70.6,85.8,46.1,36.5
Senegal,SEN,2016,1818.59,74.5,183789464,77.7,66.9,61.7,56.3,47.7
Senegal,SEN,2017,12474.41,55.4,68950001,65.8,73.0,83.1,64.1,87.7
Senegal,SEN,2018,11409.08,67.1,60675569,43.2,50.5,73.6,54.2,34.7
Senegal,SEN,2019,3857.39,79.0,187672323,21.4,86.5,80.7,75.5,36.6
Senegal,SEN,2020,1522.39,83.2,149536684,77.7,76.0,90.7,86.0,39.2
Senegal,SEN,2021,11410.22,79.2,118702152,90.8,62.1,70.2,74.7,88.2
Senegal,SEN,2022,3631.34,63.8,111700253,35.0,66.0,96.2,80.8,32.5
Senegal,SEN,2023,4903.39,81.4,84802976,51.1,82.4,101.9,74.4,89.0
Senegal,SEN,2024,4251.81,71.2,28555859,86.0,65.2,88.7,84.6,88.1
Seychelles,SYC,2015,8095.64,55.5,1621454,48.8,58.1,83.8,59.4,41.9
Seychelles,SYC,2016,10952.24,66.4,125475063,52.2,54.8,78.6,85.0,84.7
Seychelles,SYC,2017,5710.9,57.9,13002168,61.4,60.9,77.8,72.8,50.9
Seychelles,SYC,2018,840.19,68.0,134521299,80.9,75.9,75.5,82.0,80.3
Seychelles,SYC,2019,7815.65,68.5,63654401,76.2,41.3,95.0,90.7,50.1
Seychelles,SYC,2020,1754.87,76.8,112646378,73.7,48.3,76.2,52.2,67.5
Seychelles,SYC,2021,15963.24,80.4,157193606,80.1,48.2,78.5,68.9,40.6
Seychelles,SYC,2022,1950.89,62.6,64031239,85.9,78.5,94.9,69.3,101.9
Seychelles,SYC,2023,8566.48,52.8,53159044,34.2,50.0,73.9,79.7,48.5
Seychelles,SYC,2024,4477.66,67.4,160696837,38.8,47.2,88.9,80.0,54.1
Sierra Leone,SLE,2015,13102.52,52.6,195734828,73.6,50.2,68.9,69.5,86.3
Sierra Leone,SLE,2016,594.71,82.0,87133685,75.1,44.9,66.1,49.0,45.7
Sierra Leone,SLE,2017,14857.4,52.2,78819233,44.5,72.3,78.4,86.5,70.3
Sierra Leone,SLE,2018,14673.02,69.6,5773478,31.5,53.4,66.6,46.5,33.5
Sierra Leone,SLE,2019,6393.11,59.1,163622326,69.0,42.5,78.5,88.9,76.3
Sierra Leone,SLE,2020,3148.7,66.2,37232938,40.1,49.1,67.5,65.6,71.7
Sierra Leone,SLE,2021,9818.15,69.1,86429117,28.1,45.7,67.9,70.7,91.2
Sierra Leone,SLE,2022,9531.87,77.6,61080750,53.7,77.4,99.1,89.0,94.1
Sierra Leone,SLE,2023,17109.49,65.4,119066692,73.0,74.6,76.3,92.9,71.8
Sierra Leone,SLE,2024,5888.05,72.6,14148970,85.7,51.1,86.3,87.6,32.9
Somalia,SOM,2015,4002.28,51.9,77036533,35.3,51.5,56.7,44.1,41.6
Somalia,SOM,2016,1011.43,58.2,99157642,74.9,77.8,62.7,51.7,34.9
Somalia,SOM,2017,322.88,43.7,92518646,43.4,58.3,57.0,51.5,33.1
Somalia,SOM,2018,2563.97,62.9,195771227,77.5,87.4,60.5,51.4,61.0
Somalia,SOM,2019,4962.25,47.1,26712363,52.0,70.6,46.8,44.8,45.2
Somalia,SOM,2020,3035.3,63.8,120053487,79.6,82.5,51.4,36.8,23.9
Somalia,SOM,2021,1484.48,65.9,38784088,87.4,74.9,47.7,56.1,22.3
Somalia,SOM,2022,2362.17,59.0,90753631,29.7,80.2,67.1,38.7,51.5
Somalia,SOM,2023,4735.73,52.8,138871134,47.3,72.9,61.3,35.5,33.0
Somalia,SOM,2024,4634.84,44.0,183904530,34.3,60.7,48.3,37.7,45.1
South Africa,ZAF,2015,4690.77,72.5,123221606,51.7,63.3,73.7,57.3,84.0
South Africa,ZAF,2016,18888.12,60.2,91711977,22.8,71.3,76.9,95.6,95.1
South Africa,ZAF,2017,8766.92,57.7,77859549,27.0,43.3,79.9,86.0,56.3
South Africa,ZAF,2018,23998.24,66.7,183107338,31.4,81.3,99.6,65.9,53.0
South Africa,ZAF,2019,13542.41,76.0,68600218,40.5,40.2,102.7,96.6,104.4
South Africa,ZAF,2020,9226.85,81.9,27399824,26.1,79.2,99.1,86.3,76.5
South Africa,ZAF,2021,3414.62,83.9,119106417,29.0,84.3,100.7,104.3,73.4
South Africa,ZAF,2022,16803.43,59.7,135019209,49.8,66.7,99.8,54.1,80.5
South Africa,ZAF,2023,15069.53,69.4,165323204,51.6,80.9,79.0,77.7,62.3
South Africa,ZAF,2024,18816.12,74.3,192775732,93.3,57.2,100.1,53.1,93.9
South Sudan,SSD,2015,1006.02,60.2,181846263,24.0,43.6,41.7,58.8,45.3
South Sudan,SSD,2016,266.65,62.1,128117358,50.6,86.8,59.4,38.9,57.0
South Sudan,SSD,2017,3154.73,45.2,93584217,63.2,67.2,57.8,58.1,54.0
South Sudan,SSD,2018,2636.35,54.5,62787126,66.4,53.9,61.6,55.8,23.4
South Sudan,SSD,2019,3534.7,43.4,93313156,67.1,84.9,46.9,51.4,48.0
South Sudan,SSD,2020,1437.36,58.0,29946919,71.9,69.9,43.5,46.0,26.5
South Sudan,SSD,2021,1136.18,64.2,193121910,38.7,43.9,68.3,49.8,61.7
South Sudan,SSD,2022,3705.22,66.5,67929867,86.5,60.3,56.9,56.2,43.7
South Sudan,SSD,2023,1716.72,52.0,17995970,88.9,61.5,56.3,53.0,40.4
South Sudan,SSD,2024,4131.62,57.7,129281018,85.4,43.5,48.9,48.8,35.6
Sudan,SDN,2015,12230.31,59.3,19226135,64.9,41.3,78.6,73.4,40.6
Sudan,SDN,2016,8575.43,76.4,159253283,69.6,45.0,70.1,66.5,73.3
Sudan,SDN,2017,3137.39,72.2,9787178,71.0,58.4,74.8,79.9,61.2
Sudan,SDN,2018,3305.93,49.9,59421370,87.6,73.0,84.1,51.1,76.8
Sudan,SDN,2019,7714.53,59.4,150610216,62.9,75.3,89.8,50.5,67.9
Sudan,SDN,2020,15701.2,69.4,128573248,55.0,69.6,75.0,66.4,36.2
Sudan,SDN,2021,14913.54,64.9,26509388,89.7,48.3,97.2,73.3,68.0
Sudan,SDN,2022,17034.01,58.2,164133494,72.8,76.7,96.8,76.2,43.3
Sudan,SDN,2023,7943.64,57.2,93420120,50.9,68.1,89.1,74.9,39.8
Sudan,SDN,2024,5331.41,72.5,55719251,63.7,82.7,83.6,89.2,40.4
São Tomé and Príncipe,STP,2015,9883.96,61.2,29827411,21.9,49.5,74.5,79.4,51.2
São Tomé and Príncipe,STP,2016,11157.88,73.7,39697079,37.0,58.0,84.8,74.0,75.4
São Tomé and Príncipe,STP,2017,8724.37,72.5,6241724,33.4,71.9,87.3,70.1,84.9
São Tomé and Príncipe,STP,2018,12773.77,73.3,20377223,81.0,73.4,90.5,67.1,65.6
São Tomé and Príncipe,STP,2019,5436.2,52.5,60817108,88.8,53.9,67.9,89.5,84.4
São Tomé and Príncipe,STP,2020,12450.44,79.4,165110551,87.7,72.3,64.0,47.0,95.3
São Tomé and Príncipe,STP,2021,13997.15,58.0,11319749,24.3,58.2,96.2,60.1,85.3
São Tomé and Príncipe,STP,2022,5784.81,75.3,17310752,65.5,80.0,91.7,80.6,79.1
São Tomé and Príncipe,STP,2023,12601.83,59.1,140816294,29.7,68.6,82.1,49.4,39.2
São Tomé and Príncipe,STP,2024,13797.29,60.6,80262837,71.1,82.4,90.0,58.8,72.6
Tanzania,TZA,2015,12893.92,67.8,51969551,47.4,63.5,73.9,69.4,52.0
Tanzania,TZA,2016,2528.36,57.4,93989275,70.6,63.5,88.3,82.5,31.9
Tanzania,TZA,2017,13265.51,75.4,70878843,33.8,54.2,91.1,41.5,76.8
Tanzania,TZA,2018,12703.3,58.0,198434555,37.9,53.4,93.5,70.9,63.0
Tanzania,TZA,2019,1343.71,75.4,113075954,44.2,58.3,61.3,43.9,83.8
Tanzania,TZA,2020,11405.7,81.1,63037470,63.5,73.3,69.0,73.9,55.3
Tanzania,TZA,2021,14191.59,74.8,132473179,64.8,50.7,83.2,64.1,47.8
Tanzania,TZA,2022,11117.43,65.9,48941380,51.5,78.0,94.4,58.3,36.9
Tanzania,TZA,2023,13249.73,76.2,83525620,88.3,46.6,73.4,66.6,100.2
Tanzania,TZA,2024,1858.52,77.9,196517642,84.3,46.6,85.7,88.5,34.4
Togo,TGO,2015,6796.05,71.9,50692992,27.6,75.1,80.6,45.0,35.8
Togo,TGO,2016,15006.75,75.8,173102217,39.9,59.5,80.7,58.7,94.0
Togo,TGO,2017,11167.71,75.5,48850903,63.6,48.1,76.7,86.1,79.9
Togo,TGO,2018,594.5,64.5,5993823,47.1,54.6,87.9,60.8,91.9
Togo,TGO,2019,4908.76,78.6,174730855,22.8,74.0,71.9,51.4,45.8
Togo,TGO,2020,7786.75,62.0,185480815,78.3,60.7,84.4,56.5,97.3
Togo,TGO,2021,4898.4,83.4,7018239,54.5,65.0,87.1,87.1,92.0
Togo,TGO,2022,10522.47,64.7,53420455,76.5,78.7,66.0,69.2,56.3
Togo,TGO,2023,6350.92,77.2,138287759,54.1,42.1,78.7,75.7,35.3
Togo,TGO,2024,11279.01,61.4,62381457,93.5,75.2,69.9,58.6,78.9
Tunisia,TUN,2015,16575.19,59.2,154436456,76.3,46.1,94.7,93.5,78.1
Tunisia,TUN,2016,1042.72,81.1,84708853,87.2,39.2,82.4,90.0,84.6
Tunisia,TUN,2017,4876.85,79.8,148966393,52.8,65.3,89.8,104.3,78.2
Tunisia,TUN,2018,1101.34,85.8,49604439,29.1,43.6,90.7,52.0,96.2
Tunisia,TUN,2019,1210.28,81.2,48298522,73.6,69.8,104.2,84.6,55.7
Tunisia,TUN,2020,18576.55,86.7,172045272,24.8,60.1,104.9,99.3,100.3
Tunisia,TUN,2021,24747.96,81.8,145819151,74.5,80.1,99.7,61.8,69.4
Tunisia,TUN,2022,13170.15,81.0,108663725,21.9,72.9,96.6,98.9,101.3
Tunisia,TUN,2023,2712.64,79.1,162548784,53.1,75.8,87.3,86.9,49.2
Tunisia,TUN,2024,4286.56,78.6,84749659,81.1,45.6,93.3,100.2,49.1
Uganda,UGA,2015,11126.28,81.0,7412058,20.8,68.5,67.2,42.7,64.8
Uganda,UGA,2016,1990.14,71.2,181035090,50.7,44.1,77.7,52.7,75.7
Uganda,UGA,2017,14559.01,64.5,38580620,59.3,76.2,61.3,77.2,98.0
Uganda,UGA,2018,11821.19,53.1,103241046,21.4,41.0,96.3,56.0,40.8
Uganda,UGA,2019,6796.44,80.7,25289158,46.5,44.2,86.3,61.5,64.2
Uganda,UGA,2020,3950.12,68.0,91164999,82.2,57.8,79.3,66.5,89.9
Uganda,UGA,2021,12711.64,83.1,55725565,74.9,87.2,87.3,96.3,86.8
Uganda,UGA,2022,8776.8,71.4,63955084,60.8,80.6,86.5,49.1,65.1
Uganda,UGA,2023,3915.9,70.0,160086424,79.5,72.1,98.6,57.7,71.4
Uganda,UGA,2024,13960.44,81.7,25547023,75.5,45.8,82.1,82.2,33.2
Zambia,ZMB,2015,10351.38,77.7,103517594,92.1,45.5,91.4,47.3,32.9
Zambia,ZMB,2016,7499.6,72.5,5079612,75.0,62.3,87.8,77.3,58.3
Zambia,ZMB,2017,8188.5,65.5,199388260,41.7,70.9,70.7,50.7,88.2
Zambia,ZMB,2018,8566.31,53.3,145318051,81.2,48.2,74.2,53.5,71.6
Zambia,ZMB,2019,16396.5,61.3,22446884,63.2,81.8,75.7,43.6,62.5
Zambia,ZMB,2020,1722.79,72.0,123525817,26.6,45.5,64.3,72.6,82.2
Zambia,ZMB,2021,10858.68,56.7,84769393,64.1,61.2,88.6,45.4,47.7
Zambia,ZMB,2022,8291.02,66.1,71631064,76.3,58.8,69.7,68.3,39.2
Zambia,ZMB,2023,17061.52,85.2,73964941,49.8,47.7,70.7,67.7,43.9
Zambia,ZMB,2024,14744.89,68.1,141283444,33.2,45.2,67.9,53.9,93.4
Zimbabwe,ZWE,2015,1716.9,79.1,181712723,33.0,51.9,96.1,63.6,69.3
Zimbabwe,ZWE,2016,7185.17,81.3,11667182,37.5,43.0,87.2,70.6,71.6
Zimbabwe,ZWE,2017,12529.25,75.7,62806491,54.6,53.3,75.9,77.8,41.2
Zimbabwe,ZWE,2018,4557.73,73.3,87886211,44.2,50.0,81.6,67.8,50.4
Zimbabwe,ZWE,2019,11910.81,55.3,100537516,37.8,79.8,68.2,45.1,82.5
Zimbabwe,ZWE,2020,14272.25,66.1,100515965,36.8,51.7,69.9,45.7,56.7
Zimbabwe,ZWE,2021,2584.59,73.2,61812279,71.8,57.2,91.6,70.4,36.8
Zimbabwe,ZWE,2022,6177.52,54.3,34230110,92.9,67.2,67.8,63.5,67.1
Zimbabwe,ZWE,2023,7789.57,56.4,180621111,77.2,67.0,69.7,84.7,89.5
Zimbabwe,ZWE,2024,6323.09,70.0,30623399,29.1,84.9,74.3,98.4,38.5
